﻿<?xml version="1.0" encoding="utf-8"?><meta xmlns:xsi="http://www.w3.org/2001/XMLSchema-instance" xmlns:xsd="http://www.w3.org/2001/XMLSchema"><project id="5dc22UiqXlV" courseid="5dHCKUuwhFZ_course_id" thumburl="story_content/thumbnail.jpg" title="Sikap Jujur" datepublished="2024-09-27T16:41:14" version="1.0.0.0" flashdata="story_content/data.swf" html5data="mobile/data.json" mobiledata="mobile/data.gz" enabledownload="false" duration="About 11 minutes" totalaudio="132631" totalvideo="238839"><description>Media Pembelajaran PAI Fase B</description><keywords>PAI JUJUR</keywords><slidemeta moniker="slide" monikerplural="slides" viewslides="21" slidecountdescription="21 slides" /><author name="Yunita Saputri" email="yunitasaputri56@guru.sd.belajar.id" website="" /><application name="Articulate Storyline" version="3.17.27621.0" xmlversion="4.0" /></project></meta>